bia, carl, 100
bia, edward, 92.790965036857
bia, john, 98.550724637681
bia, paul, 100
bia, sarah, 100
