bia, carl, 100
bia, edward, 91.576078242745
bia, john, 98.098240084056
bia, paul, 100
bia, sarah, 100
