carl, bia, 100
carl, edward, 91.576078242745
carl, john, 98.098240084056
carl, paul, 100
carl, sarah, 100
