carl, bia, 100
carl, edward, 92.790965036857
carl, john, 98.550724637681
carl, paul, 100
carl, sarah, 100
