paul, bia, 100
paul, carl, 100
paul, edward, 91.576078242745
paul, john, 98.098240084056
paul, sarah, 100
