paul, bia, 100
paul, carl, 100
paul, edward, 92.790965036857
paul, john, 98.550724637681
paul, sarah, 100
