edward, edward, 100
edward, paul, 91.559586797682
edward, sarah, 91.559586797682
